{
  "activities": [
    {
      "mood": "mimir",
      "activities": [
        "10:00 a.m. – Despertar... o intentarlo 😴",
        "11:30 a.m. – Check Instagram en la cama por 'solo 5 minutos' 📱",
        "1:00 p.m. – Brunch tardío porque madrugamos 🥞",
        "3:00 p.m. – Siesta estratégica en la hamaca 🏖",
        "5:00 p.m. – Contemplar el atardecer con drink en mano 🌅",
        "7:00 p.m. – Cenar algo que no requiera cocinar 🍕",
        "9:00 p.m. – Netflix y chill... literal 📺"
      ]
    },
    {
      "mood": "vagancia",
      "activities": [
        "9:00 a.m. – Yoga en la playa (5 minutos cuenta) 🧘‍♀️",
        "10:30 a.m. – Desayuno consciente viendo el mar 🥝",
        "12:00 p.m. – Caminar por la playa 'ejercitándose' 🚶‍♀️",
        "2:00 p.m. – Leer dos páginas de un libro motivacional 📚",
        "4:00 p.m. – Meditar o pretender que lo haces 🧘",
        "6:00 p.m. – Journaling con frases profundas ✍️",
        "8:00 p.m. – Cena orgánica (o lo que encuentres) 🥗"
      ]
    },
    {
      "mood": "aventura",
      "activities": [
        "7:00 a.m. – Levantarse temprano como una warrior 💪",
        "8:00 a.m. – Desayuno power antes de la aventura 🥣",
        "9:30 a.m. – Tour en kayak o algo acuático 🚣‍♀️",
        "12:00 p.m. – Almorzar con vista al mar 🌊",
        "2:00 p.m. – Snorkel o actividad marina 🤿",
        "4:00 p.m. – Explorar el pueblo como turista pro 📸",
        "6:00 p.m. – Happy hour merecido 🍹",
        "8:00 p.m. – Cenar mariscos frescos 🦐"
      ]
    }
  ]
}
