{
  "prophecies": [
    {
      "id": "p1",
      "text": "Del rancho al primer mundo con una green card emocional 🌟"
    },
    {
      "id": "p2",
      "text": "La pereza es un acto de autocuidado superior 🧘‍♀️"
    },
    {
      "id": "p3",
      "text": "Tu ex va a stalkear tu story justo cuando subas algo cute 👀"
    },
    {
      "id": "p4",
      "text": "Hoy vas a encontrar dinero que no sabías que tenías 💰"
    },
    {
      "id": "p5",
      "text": "El universo conspira para que tu crush te mande mensaje... en 3 días ⏰"
    },
    {
      "id": "p6",
      "text": "Tu café de mañana va a estar perfectamente preparado ☕"
    },
    {
      "id": "p7",
      "text": "Alguien va a cancelar planes y vas a fingir que te molesta pero secretamente celebrar 🎉"
    },
    {
      "id": "p8",
      "text": "Tu skincare routine finalmente va a dar resultados visibles ✨"
    },
    {
      "id": "p9",
      "text": "Vas a encontrar el outfit perfecto en tu clóset... otra vez 👗"
    },
    {
      "id": "p10",
      "text": "Tu mamá va a llamarte justo cuando estés haciendo algo importante 📞"
    },
    {
      "id": "p11",
      "text": "Hoy es día de manifestar abundancia desde la cama 🛏"
    },
    {
      "id": "p12",
      "text": "El algoritmo va a bendecirte con el TikTok perfecto 📱"
    },
    {
      "id": "p13",
      "text": "Tu mascota va a hacer algo súper cute que vas a grabar 🐕"
    },
    {
      "id": "p14",
      "text": "Vas a recordar una conversación cringe de hace 5 años... a las 3am 😅"
    },
    {
      "id": "p15",
      "text": "El delivery va a llegar antes de lo esperado 🚚"
    }
  ]
}
