{
  "questions": [
    {
      "id": "q1",
      "text": "¿Cómo te sientes cuando alguien menciona 'actividades acuáticas'?",
      "options": [
        { "text": "¡Emocionada! 🏊‍♀️", "value": 3 },
        { "text": "Meh, depende del mood 🤷‍♀️", "value": 2 },
        { "text": "Prefiero mi cama, gracias 😴", "value": 1 }
      ]
    },
    {
      "id": "q2",
      "text": "Tu outfit ideal para la playa es:",
      "options": [
        { "text": "Bikini lista para la acción 👙", "value": 3 },
        { "text": "Vestido cute pero cómodo 👗", "value": 2 },
        { "text": "Pijama porque #NoMeVoy 👘", "value": 1 }
      ]
    },
    {
      "id": "q3",
      "text": "¿Qué tan dispuesta estás a lidiar con turistas?",
      "options": [
        { "text": "Los esquivo como ninja 🥷", "value": 3 },
        { "text": "Los tolero con sonrisa falsa 😬", "value": 2 },
        { "text": "Ni loca, me da cringe 😵", "value": 1 }
      ]
    },
    {
      "id": "q4",
      "text": "Tu relación con los tours es:",
      "options": [
        { "text": "Los amo, soy turista profesional 📸", "value": 3 },
        { "text": "Van y vienen, como el amor 💔", "value": 2 },
        { "text": "Tours = tortura social 😩", "value": 1 }
      ]
    },
    {
      "id": "q5",
      "text": "Si fueras un animal marino serías:",
      "options": [
        { "text": "Delfín sociable y aventurero 🐬", "value": 3 },
        { "text": "Pez tropical medio fancy 🐠", "value": 2 },
        { "text": "Estrella de mar pegada a su roca ⭐", "value": 1 }
      ]
    }
  ],
  "results": [
    {
      "min": 5,
      "max": 8,
      "title": "Quédate a mimir, reyna 👑",
      "description": "Tu energía dice 'no today Satan'. Mejor pide un smoothie, ponte tu playlist sad y disfruta el wifi. El tiburón vagina puede esperar hasta que tu alma esté lista. 🌊💤"
    },
    {
      "min": 9,
      "max": 12,
      "title": "Haz el tour, pero quejarte es parte del viaje 🙄",
      "description": "Vas a ir porque FOMO is real, pero tu derecho a quejarte está sagrado. Lleva snacks, audífonos y actitud de 'esto mejor esté bueno'. El drama es opcional pero recomendado. ✨🎭"
    },
    {
      "min": 13,
      "max": 15,
      "title": "¡Dale que eres toda una aventurera! 🚀",
      "description": "Tu vibra dice 'I'm ready'. Ve, disfruta, saca fotos para el Insta y vive tu mejor vida acuática. El tiburón vagina te está esperando con los brazos (¿aletas?) abiertos. 🦈💅"
    }
  ]
}
