{
  "products": [
    {
      "id": "playera-profecias",
      "name": "Playera \"Cambia la Profecía\"",
      "description": "Para cuando necesitas que el universo sepa que mandas tú ✨",
      "price": "$420 MX",
      "emoji": "👕",
      "gradient": "from-hot-pink/20 to-turquoise/20"
    },
    {
      "id": "stickers-tiburon",
      "name": "Sticker Pack \"Ali Tiburón Vagina\"", 
      "description": "5 stickers holográficos para decorar tu laptop con poder místico 🦈",
      "price": "$150 MX",
      "emoji": "🏷",
      "gradient": "from-turquoise/20 to-sunshine/20"
    },
    {
      "id": "curso-hamaca",
      "name": "Curso \"De Alto Valor sin Moverte\"",
      "description": "Aprende a ser productiva desde la hamaca. 12 módulos de pura sabiduría 🏖",
      "price": "$2,500 MX",
      "emoji": "🎓",
      "gradient": "from-sunshine/20 to-coral/20"
    },
    {
      "id": "amuleto-nft",
      "name": "Amuleto Digital NFT",
      "description": "Protección cósmica para tu wallet. Edición limitada ✨",
      "price": "0.1 ETH",
      "emoji": "🧿",
      "gradient": "from-coral/20 to-lavender/20"
    },
    {
      "id": "funda-mystic",
      "name": "Funda \"Místic Bitch\"",
      "description": "Para iPhone y Android. Con cristales de cuarzo fake incluidos 💎",
      "price": "$350 MX",
      "emoji": "📱",
      "gradient": "from-lavender/20 to-mint/20"
    },
    {
      "id": "hamaca-portatil",
      "name": "Hamaca Portátil \"Mimir Profesional\"",
      "description": "Para practicar vagancia con propósito en cualquier lugar 🌴",
      "price": "$890 MX",
      "emoji": "🏖",
      "gradient": "from-mint/20 to-hot-pink/20"
    }
  ]
}
